value,proquint
19977,human
33131,major
9799,final
56135,total
5009,david
59165,visit
21129,japan
41692,paris
796,basis
28715,labor
51665,solid
30237,limit
19051,honor
52427,sugar
34411,minor
48839,rural
9131,favor
35691,motor
51659,solar
42477,pilot
47625,roman
5020,davis
29529,latin
49860,sarah
50729,simon
21289,jason
35527,moral
2684,bonus
59132,virus
11000,forum
45713,rapid
57809,valid
59207,vital
47129,robin
16413,habit
37767,naval
47149,robot
53001,susan
45131,radar
20011,humor
46983,rival
49601,salad
33577,mason
44889,putin
9031,fatal
793,basin
59079,viral
34249,milan
30921,logan
34428,minus
56875,tumor
43467,polar
37852,nazis
49993,satan
6763,donor
52297,sudan
745,baron
2780,boris
49641,salon
33387,manor
44695,pupil
5341,digit
32331,lunar
53783,tamil
35561,moron
46289,rigid
59281,vivid
13209,gavin
23116,jonas
48683,rumor
4649,damon
46059,razor
54343,tidal
55113,titan
57195,tutor
28171,kumar
791,basil
873,baton
28908,lagos
39369,nolan
16908,hamas
18633,hogan
31612,lotus
33238,malik
32840,madam
6876,doris
29195,lamar
41161,pagan
58027,vapor
23108,jonah
30956,logos
59933,vomit
20999,jamal
19985,humid
42925,pivot
21761,jihad
30937,login
36551,mural
37639,nasal
45612,ramos
59148,visas
27756,kudos
2300,bogus
17096,haram
47979,rotor
35529,moran
37703,natal
56004,torah
775,basal
23620,judah
24631,kabul
35666,motif
41607,papal
50009,satin
55820,tomas
23628,judas
45367,rahul
36935,nadal
39814,novak
45609,ramon
48153,rubin
38313,nikon
51692,solos
54136,tatum
55164,titus
6781,donut
48316,rufus
57049,turin
51787,sonar
56427,tudor
30353,lipid
33497,marin
41433,palin
1291,bihar
50812,sinus
22793,johan
33177,makin
35639,mosul
54827,timor
1833,bison
6601,dolan
26694,kodak
26092,kilos
54801,timid
51948,soros
58583,vigil
27337,koran
32140,lukas
57835,valor
16913,hamid
17161,hasan
31641,lovin
50636,silas
53657,takin
32444,lupus
33031,mahal
47369,rohan
49604,salah
13163,gator
30617,livin
58439,vidal
1261,bigot
25304,karim
56794,tulip
20201,huron
8900,farah
16839,halal
17728,hijab
5700,dinah
24299,juror
32617,luton
34373,minaj
34887,modal
43900,potus
45073,rabid
7881,duran
17305,havin
53997,tarot
25289,karan
42605,pinot
55879,tonal
16644,hahah
35737,movin
35063,mogul
37067,nagar
39425,nomad
45577,raman
46315,rigor
8071,duval
21084,janis
30332,linus
47689,ronan
2856,bosom
3849,busan
6028,divas
25095,kamal
49691,samir
24603,kabir
5036,davos
25305,karin
49161,saban
58603,vigor
20896,jakob
21116,janus
55321,tobin
30985,lohan
49424,sahib
49608,salam
49624,salim
56924,tunis
16124,gurus
30609,livid
34839,mobil
35275,molar
4491,dakar
47389,rohit
49353,sagan
50091,savor
59179,visor
33868,midas
53737,talon
33500,maris
45929,raton
6857,doran
18120,hiram
45406,rajiv
19196,horus
35081,mohan
50668,silos
34940,modus
2793,boron
12329,gabon
13095,gasol
16585,hagan
49156,sabah
51276,sodas
25545,kazan
53771,tamar
7692,dumas
14793,golan
45161,radon
583,banal
16400,habib
33404,manus
12861,gamut
33692,mavis
55951,topaz
4573,dalit
7369,dugan
14233,givin
32409,lupin
36955,nadir
51304,sodom
51340,sofas
52941,surat
53900,tapas
9028,fatah
15049,goran
15811,gulag
16792,hakim
34380,minas
52823,sunil
1479,bilal
34396,minis
45385,rajan
47305,rogan
42443,pilar
51676,solis
24777,kagan
36297,mulan
53531,tahir
20041,hunan
29575,laval
29643,lazar
34284,milos
37659,nasir
39620,norah
47436,rojas
19145,horan
33105,majid
33292,mamas
49675,samar
49881,sarin
54091,tatar
29340,lapis
43706,popup
53291,tabor
57900,vamos
26313,kiran
47705,ronin
53712,talib
2857,boson
5481,dijon
8393,fagan
16465,hadid
24284,juris
37200,najib
41833,paton
43805,posit
45336,rahim
30764,lobos
43484,polis
53590,tajik
64071,zonal
16543,hafiz
28681,laban
32465,lurid
32745,luzon
42620,pinus
710,barak
2301,bogut
14983,gopal
36557,murat
45081,rabin
57432,vadim
14601,gohan
20937,jalan
33033,mahan
37772,navas
46169,ridin
49229,sadat
26329,kirin
41676,paras
54825,timon
29522,latif
4825,darin
8924,faris
16897,hamad
36887,nabil
44556,pumas
46761,ripon
47047,rizal
47193,rodin
51689,solon
58105,varun
9690,filip
16876,halos
20619,jafar
29771,lidar
33065,mahon
35545,morin
45380,rajah
49612,salas
15241,govan
28252,kunis
36545,murad
39617,norad
53974,tarik
59085,virat
17863,hilal
18539,hodor
25293,karat
29739,libor
36463,munoz
8913,farid
25161,kanan
33241,malin
41815,patil
58764,vikas
11,babar
14445,godot
33020,magus
46022,razak
49356,sagas
55404,todos
2556,bolus
14425,godin
30129,likud
36630,musik
45069,rabat
49865,saran
6727,donal
16587,hagar
22827,johor
25319,karol
5707,dinar
31207,lolol
33385,manon
34413,minot
971,bazar
3485,bukit
41452,palos
49355,sagar
56060,torus
58977,vinod
12137,futon
12331,gabor
37851,nazir
38316,nikos
49489,sajid
50073,savin
56327,tubal
2249,bogan
14567,gogol
21015,jamil
38856,nizam
38983,nodal
46988,rivas
854,batik
2765,borat
38185,nihon
52932,surah
6025,divan
25288,karam
47897,rosin
53769,taman
54843,timur
61961,zaman
4984,datum
5740,dinos
12011,furor
51081,sivan
29196,lamas
33381,manoj
33485,marat
53787,tamir
55819,tomar
325,bajaj
12807,gamal
25111,kamil
26825,kogan
58001,vapid
2521,bolin
27499,kotor
49177,sabin
25032,kalam
38745,nitin
44508,pulis
61579,zafar
61723,zahir
25239,kapil
29462,lasik
43694,popov
64201,zoran
4329,dagon
28231,kunal
57033,turan
39868,novus
41612,papas
44760,purim
16777,hakan
21100,janos
30252,limos
41672,param
49649,salud
50281,sidon
61851,zakir
8697,falun
31947,lugar
34028,migos
20745,jahan
31244,lomas
31436,loras
36443,munir
16937,hamon
40457,numan
51019,sitar
51784,sonam
51820,sonos
52933,suraj
58108,varus
2057,boban
2505,bolan
25368,kasim
32841,madan
37186,najaf
49724,samus
49884,saris
53961,taran
395,bakar
2377,bojan
6855,doral
20935,jalal
22041,jimin
34412,minos
37446,nanak
37755,natur
43462,polak
57596,vagus
491,balor
8449,fahad
9044,fatih
20028,humus
38940,nobis
49428,sahih
53756,talus
16969,hanan
30953,logon
33289,maman
35523,morag
50391,sigil
65020,zulus
5644,dimas
8809,fanon
12397,gadot
13164,gatos
16978,hanif
20912,jakub
22795,johar
25275,kapur
30249,limon
53703,talal
59243,vitor
33644,matos
35393,monad
63755,zohar
4982,datuk
5594,dilip
16905,haman
24903,kajal
26350,kirov
31513,losin
32995,magog
33513,maron
35467,mopar
37385,naman
47884,rosas
2343,bohol
10953,foran
17116,haris
18476,hobos
22089,jinan
31452,loris
33356,manas
33388,manos
37176,nahum
49620,salih
52745,suman
53964,taras
54726,tilak
61837,zakat
11275,fubar
27590,kozak
29593,lavin
33787,mazur
42618,pinup
45188,rafah
45897,ratan
49661,salut
71,badal
13761,gilad
29512,latam
36822,muzik
43500,polos
267,bahar
21217,jarod
21393,javid
23236,jorah
25097,kaman
51660,solas
51708,solus
2283,bogor
8409,fagin
18988,homos
33625,matin
37835,nazar
49669,samaj
53915,tapir
54315,tibor
2635,bonar
7897,durin
9820,finis
24731,kafir
49708,samos
51756,somos
53852,tanis
56044,toros
457,balan
717,barat
5673,dimon
17145,harun
21377,javad
41580,panos
44060,pubis
45257,ragan
47177,rodan
52380,sufis
53740,talos
58635,vihar
201,bagan
12748,galas
17241,hatin
18953,homan
23322,josip
23433,jovan
29580,lavas
33739,mazar
45376,rajab
49431,sahil
53750,taluk
2972,bovis
6635,dolor
6716,domus
13000,garam
17097,haran
17318,havok
20487,jabal
25049,kalin
33225,malan
33556,masih
35423,moniz
50761,sinan
2764,boras
4505,dakin
21003,jamar
24841,kahan
26377,kisan
31433,loran
31769,lubin
32982,magik
35101,mohit
41747,pasig
41766,pasok
45596,ramis
49819,sapir
53784,tamim
61713,zahid
8901,faraj
11116,fotos
20951,jalil
24667,kadir
31241,loman
33372,manis
37785,navin
44391,pujol
45593,ramin
53193,suzan
59260,vitus
62162,zarif
5017,davin
25099,kamar
41558,panik
49611,salar
49613,salat
51929,sorin
54009,tarun
56824,tulum
713,baran
31449,lorin
37435,namur
38667,nisar
45273,ragin
45572,ramah
45879,rasul
49665,samad
50427,sigur
53772,tamas
58828,vilas
888,batum
16856,halim
23559,jubal
29149,lalit
29579,lavar
41739,pasar
44809,pusan
45389,rajat
49419,sahar
58135,vasil
2361,bohun
2649,bonin
8472,fahim
21977,jilin
32073,lujan
33113,majin
33276,malus
38167,nihil
50951,sisal
57803,valar
13193,gavan
19097,hopin
37848,nazim
42567,pinal
54185,tavon
55372,todas
6,babak
7884,duras
8603,fakir
19017,honan
33222,malak
37656,nasim
42434,pilaf
45581,ramat
48217,rudin
48644,rumah
49408,sahab
51623,sokol
4551,dalal
17292,havas
18441,hoban
31629,lovat
33224,malam
33590,masuk
34908,modis
45464,rakim
56203,tovar
4552,dalam
4617,daman
16844,halas
23260,joris
30217,liman
33161,makan
33501,marit
37068,nagas
43485,polit
44679,pupal
45417,rajon
59228,vitis
3014,bozak
7879,dural
12905,ganon
16838,halak
25159,kanal
28873,lagan
29163,lalor
30923,logar
38088,nigam
49912,sarum
2137,bodin
4620,damas
6733,donat
20681,jagan
25277,kaput
26432,kitab
48150,rubik
50885,siraj
59331,vizag
237,bagot
473,balin
3052,bozos
4841,daron
6061,divot
10347,fodor
12745,galan
13516,gigas
16459,hadar
25047,kalil
29081,lakin
36447,muniz
37419,namor
53660,takis
489,balon
2508,bolas
27657,kuban
34185,mikan
49291,safar
51783,sonal
57212,tutus
57543,vagal
620,banos
4361,dahan
15808,gulab
20348,hutus
21225,jaron
32153,lukin
34988,mofos
39820,novas
45325,rahat
45388,rajas
454,balak
840,batam
8950,faruk
19526,hudak
21385,javan
25292,karas
33366,manik
33481,maran
33611,matar
34248,milam
37392,namib
39468,nomos
45628,ramus
51464,soham
53500,tagus
53977,tarin
61542,zadok
3782,burak
7928,durum
29209,lamin
33163,makar
40695,nurul
41526,pamuk
52765,sumit
54663,tikal
449,balad
985,bazin
1697,bipod
2796,boros
4953,datin
7945,dusan
16855,halil
25308,karis
27209,konan
28235,kunar
30148,lilah
33227,malar
37081,nagin
37145,nahin
38151,nihal
45145,radin
53828,tanah
55980,topos
329,bajan
1353,bijan
1769,biron
8716,famas
11673,fukin
14876,gomis
19148,horas
25068,kalos
26950,kojak
27143,komal
27527,koval
33476,marah
33626,matip
36806,muzak
37380,namah
37959,nidal
49197,sabot
52662,sukuk
56908,tunas
12155,futur
12489,gagan
33272,malum
33353,manan
34183,mikal
37654,nasik
39864,novum
44249,pugin
45961,ravan
25,babin
4297,dagan
6889,doron
7193,dubin
25321,karon
41755,pasir
53079,sutil
61515,zadar
13257,gazan
14832,golub
16715,hajar
18872,hokum
25193,kanon
29068,lakas
29609,lavon
37673,nason
38859,nizar
45206,rafik
49959,sasol
875,bator
2756,borah
12998,garak
13017,garin
16449,hadad
24651,kadar
27219,konig
36279,mukul
41865,pavan
48188,rubus
48854,rurik
15073,gorod
21017,jamin
36952,nadim
45977,ravin
49433,sahin
49642,salop
49673,saman
49736,sanam
55015,tirol
55325,tobit
57254,tuvok
59291,vivir
732,baris
5705,dinan
9159,fazal
12759,galil
16329,guzan
22937,jokin
24173,junot
24935,kajol
25286,karak
27083,kolar
29337,lapin
29929,ligon
33035,mahar
37705,natan
39435,nomar
41708,paros
49628,salis
50793,sinon
51068,situs
789,basij
2777,borin
4855,darul
24648,kadam
27462,kotak
29705,liban
34392,minim
45312,rahab
46700,rinos
49195,sabor
49238,sadik
3292,bugis
4619,damar
7565,dukat
8429,fagot
17144,harum
26941,kohut
33355,manar
33358,manav
34521,mirin
36608,musab
37484,nanos
37575,naral
38665,nisan
41372,pakis
41499,pamir
53976,tarim
2313,bohan
4637,damit
5033,davon
7833,dupin
9801,finan
26327,kiril
28761,ladin
29329,lapid
34379,minar
37777,navid
41414,palak
49351,sagal
51591,sokal
54172,tavis
57062,turok
57436,vadis
59,babur
3529,bulan
16919,hamil
17353,hazan
19027,honig
24589,kabat
25560,kazim
31431,loral
34537,miron
44884,putih
49435,sahir
64217,zorin
3465,bukan
6377,dogon
11337,fudan
16904,hamam
25113,kamin
25177,kanin
28941,lahat
29036,lajos
33595,masur
35564,moros
42571,pinar
42604,pinos
42857,piton
42861,pitot
48762,runup
49227,sadar
53709,talat
53993,taron
456,balam
4379,dahir
6877,dorit
7385,dugin
14057,giron
27332,korah
33347,manag
35567,moroz
47180,rodas
50012,satis
59212,vitas
73,badan
4700,danis
6345,dogan
8911,faraz
21161,japon
24370,jusuf
25542,kazak
28102,kulak
31868,ludus
32300,lumos
32332,lunas
33484,maras
35129,mohun
38276,nikah
48201,rudan
363,bajor
4171,dadar
4940,datas
6765,donot
13673,gijon
19356,hovis
25344,kasab
27502,kotov
29132,lalas
32977,magid
33051,mahir
34075,mihir
37769,navan
41801,patan
42473,pilon
46092,ribas
51885,sopot
55975,topol
56025,torin
58475,vidor
4635,damir
16873,halon
17497,hidin
17867,hilar
21033,jamon
33585,masud
34505,miran
35425,monod
37127,nahal
45319,rahal
50884,sirah
51657,solan
53513,tahan
61979,zamir
252,bagus
797,basit
13033,garon
21337,jatin
25037,kalat
38508,ninos
49179,sabir
49478,sajak
49660,salus
50057,savan
50183,sibal
51339,sofar
53254,tabak
838,batak
2873,bosun
4713,danon
5021,davit
8937,faron
21417,javon
25337,karun
30941,logit
33228,malas
33609,matan
33612,matas
54539,tihar
589,banat
14603,gohar
14913,gonad
18248,hitam
21769,jihan
24608,kabob
25417,katan
33085,mahut
37129,nahan
37401,namin
41421,palat
42601,pinon
49787,sanur
53958,tarak
54092,tatas
64537,zubin
6665,doman
12553,gahan
25036,kalas
32439,lupul
34262,milik
39516,nonis
39756,notas
42653,pipit
46221,rifat
48903,rusal
49869,sarat
50375,sigal
55852,tomos
58443,vidar
58887,vimal
61645,zagat
75,badar
705,barad
3801,burin
5708,dinas
6044,divis
9932,firas
16907,hamar
18187,hisar
33217,malad
35735,movil
37131,nahar
41667,parag
45260,ragas
47468,rojos
55817,toman
56057,torun
761,barun
2569,boman
7372,dugas
19692,hugos
20507,jabir
25352,kasam
29225,lamon
36444,munis
36631,musil
37192,najam
37756,natus
41564,panis
41673,paran
44745,puran
49693,samit
57751,vakil
18635,hogar
26889,kohan
27097,kolin
29417,laron
32009,luhan
32828,mabus
35531,morar
35609,mosin
37391,namaz
37452,nanas
39433,noman
41548,panas
42828,pitas
48969,rutan
49305,safin
50637,silat
50743,simul
51721,soman
55500,togas
56332,tubas
58457,vidin
470,balik
1689,bipin
13020,garis
18924,holos
25158,kanak
30105,likin
30412,liras
34316,mimas
37132,nahas
39772,notis
44813,pusat
45191,rafal
46025,razan
49357,sagat
52953,surin
509,balut
2889,botan
8727,famil
17175,hasil
17355,hazar
24172,junos
25033,kalan
26072,kilim
28375,kuril
34241,milad
46873,risin
49897,saron
54105,tatin
56089,tosin
57617,vahid
5766,dipak
8444,fagus
16776,hakam
19949,hulot
20491,jabar
23240,joram
24861,kahit
27670,kubik
29436,larus
32809,mabon
33517,marot
33895,midol
36176,mujib
36939,nadar
38012,nidus
42221,pigot
46125,ribot
49900,saros
52809,sunan
56007,toral
2504,bolam
6252,dodos
11485,fugit
15065,gorin
16460,hadas
17927,himal
20572,jadis
21064,janam
23241,joran
33148,majus
35678,motiv
35708,motus
38716,nisus
44744,puram
55753,tolan
58060,varas
969,bazan
6508,dojos
7561,dukan
10684,fokus
13772,gilas
16809,hakon
27403,kosar
29401,larin
31196,lolis
33351,manal
41703,parol
45060,rabah
49623,salil
49725,samut
51324,sodus
53956,tarah
55150,titov
55403,todor
7918,durov
10649,fokin
15436,gudas
19068,honus
19142,horak
20685,jagat
23645,judit
24971,kakar
32972,magas
37721,natin
42697,piran
42761,pisan
43878,potok
45721,rapin
49885,sarit
52858,sunup
53724,talis
54396,tidus
55812,tomah
59851,volar
62148,zarah
1484,bilas
2680,bonum
9933,firat
10713,folin
11065,fosun
17743,hijaz
27147,komar
27463,kotal
27531,kovar
30422,lirik
39752,notam
43756,poros
45959,raval
47065,rizin
49224,sadam
64558,zubov
4749,dapat
7913,duron
11977,furan
19896,hukum
21005,jamat
25497,kavin
28118,kulik
28472,kusum
29548,latos
32969,magan
33473,marad
35420,monis
41163,pagar
43465,polan
45144,radim
45655,ranil
49625,salin
51239,sobol
53970,tarif
54342,tidak
28,babis
483,balog
4352,dahab
11609,fujin
17099,harar
24576,kabab
25152,kanab
26893,kohat
27353,korin
35433,monon
37593,narin
38505,ninon
41544,panam
47709,ronit
49159,sabal
51704,solum
52251,subir
52937,suran
54788,timah
54940,tipis
58220,vatos
59276,vivas
61495,zabul
1500,bilis
3141,budaj
4359,dahal
7641,dulin
8601,fakin
12876,ganas
14775,gokul
14828,golos
15814,gulak
18921,holon
30934,logik
32988,magis
33494,marik
36942,nadav
41817,patin
42729,piron
43399,pokal
712,baram
2759,boral
15819,gular
22553,jobin
26076,kilis
31790,lubov
33707,mavor
35405,monat
35548,moris
35580,morus
43481,polin
45599,ramiz
49222,sadak
49307,safir
49689,samin
49729,sanad
49868,saras
50043,satur
51084,sivas
53561,tahun
56121,tosun
2152,bodom
6227,dodig
20910,jakov
25254,kapok
25364,kasih
27080,kolam
29193,laman
33937,mifid
34244,milah
36953,nadin
41561,panin
46669,rinat
47948,rotas
51307,sodor
51913,soran
53708,talas
58569,vigan
59083,virar
59177,vison
61707,zahar
588,banas
7180,dubas
9967,firoz
29563,latur
31596,lotos
33753,mazin
34332,mimis
34375,minal
35692,motos
37137,nahid
45449,rakan
46057,razon
49769,sanon
51947,soror
413,bakit
729,barin
870,batok
8897,farad
11754,fulop
12825,gamin
17772,hijos
19273,hotan
19569,hudud
22552,jobim
25561,kazin
31561,lotan
33369,manin
37788,navis
43437,pokot
45160,radom
50763,sinar
52940,suras
53705,talan
54985,tiran
57081,turun
62169,zarin
12,babas
89,badin
411,bakir
726,barik
4375,dahil
6041,divin
6617,dolin
11113,foton
17100,haras
17273,hatun
20585,jadon
21049,jamun
23417,jotun
28125,kulit
32971,magar
34429,minut
34503,miral
34918,modok
38606,nirav
41032,padam
41625,papin
42572,pinas
43725,porat
43772,porus
45065,raban
47964,rotis
49225,sadan
50020,satoh
53257,taban
55020,tiros
55148,titos
59308,vivos
409,bakin
460,balas
7047,doval
7689,duman
12612,gajah
17387,hazor
21001,jaman
25065,kalon
25285,karaj
27145,koman
28201,kumon
28777,ladon
29564,latus
34501,miraj
35436,monos
36896,nabob
38145,nihad
40521,nunan
47163,robur
47209,rodon
49163,sabar
51465,sohan
53515,tahar
58185,vatan
59884,volos
64525,zubat
265,bahan
283,bahir
2540,bolos
2652,bonis
4972,datos
15115,gosar
19259,hosur
29577,lavan
32665,luvin
33350,manak
34456,mipim
34936,modum
37692,nasus
39559,nopal
41159,pagal
44796,purus
47911,rosol
49671,samal
50700,simas
54123,tator
54187,tavor
3865,busin
10777,fomin
11463,fugal
12765,galit
13177,gatun
17912,hilum
21081,janin
30328,linum
33689,mavin
35305,molon
35372,momos
35547,morir
37606,narok
45575,ramal
49193,sabon
49618,salif
49817,sapin
55307,tobar
2761,boran
3785,buran
5229,didot
6603,dolar
6681,domin
6873,dorin
7965,dusit
19673,hugin
22425,jivin
23751,jugal
27104,kolob
28249,kunin
33479,maral
33480,maram
34500,mirah
35521,morad
36561,murid
47628,romas
50059,savar
50664,silom
56009,toran
56763,tukur
57833,valon
59077,viraj
59208,vitam
59277,vivat
59625,vogon
26,babip
1543,bimal
3940,butoh
16854,halik
17027,hapag
19561,hudon
25577,kazon
26684,kobus
31111,lokal
33180,makis
33286,mamak
35404,monas
35689,moton
38091,nigar
46889,rison
50089,savon
51467,sohar
51836,sonus
1099,bidar
8644,falah
17240,hatim
25671,kidal
31595,lotor
33049,mahin
33156,makah
33257,malon
33260,malos
34393,minin
34397,minit
37337,nalin
41437,palit
41804,patas
43687,popol
45113,rabun
48137,ruban
52228,subah
53767,tamal
55979,topor
62985,ziman
63753,zohan
809,bason
1736,biram
3673,bunin
5035,davor
5577,dilan
6121,dizon
8899,farag
16985,hanin
21707,jigar
24265,juran
25101,kamat
25103,kamaz
25225,kapan
25245,kapit
30284,linas
33004,magos
41628,papis
41881,pavin
43503,poloz
45865,rason
49164,sabas
49165,sabat
49191,sabol
50054,savak
50060,savas
53954,taraf
58444,vidas
58827,vilar
62369,zavod
1897,biton
5724,dinis
7900,duris
15816,gulam
22892,jojos
24261,juraj
25260,kapos
25420,katas
28185,kumin
28412,kurus
33996,migas
34252,milas
34886,modak
37197,najat
37708,natas
38396,nilus
38597,niraj
41689,parin
41836,patos
42380,pikas
50940,sirus
50985,sison
51459,sohag
52701,sulit
53916,tapis
54108,tatis
56893,tumut
716,baras
891,batur
2475,bokor
2636,bonas
9467,figur
15004,gopis
21897,jikan
24161,junod
24269,jurat
24583,kabal
24584,kabam
24857,kahin
26732,kodos
28209,kumud
29508,latah
29675,lazor
33025,mahad
33243,malir
33337,mamun
33488,marib
34652,mitis
36009,mufon
37648,nasib
41416,palam
42713,pirin
47687,ronal
48617,rulon
49670,samak
49741,sanat
49893,saroj
50908,siris
54455,tiful
57065,turon
58057,varan
59063,vipul
44,babos
55,babul
505,balun
1633,binod
1867,bitar
6454,dohuk
7356,dufus
8279,fadil
21078,janik
25465,katun
27772,kudus
30731,lobar
35180,mojos
35353,momin
35388,momus
37195,najar
38311,nikol
38532,nipah
39385,nolin
44364,pujas
44876,putas
44908,putos
45076,rabih
46041,razin
49602,salaf
49606,salak
49607,salal
57817,valin
57947,vanir
1481,bilan
3556,buloh
4695,danil
4804,darah
6652,dolus
9983,firuz
18928,holub
25100,kamas
28939,lahar
30173,lilit
30940,logis
32843,madar
32857,madin
33048,mahim
33196,makos
35289,molin
35417,monin
39836,novis
41719,parul
42808,pisum
43469,polat
50011,satir
50283,sidor
55705,tokin
57609,vahan
57820,valis
58076,varis
58089,varon
59273,vivan
61523,zadig
65286,zusak
2507,bolar
3142,budak
4809,daran
6729,donan
7286,duduk
12313,gabin
16984,hanim
20864,jakab
25281,karad
33037,mahat
33110,majik
33244,malis
34844,mobis
36884,nabih
37643,nasar
37702,natak
41420,palas
43703,popul
48007,roval
52292,sudah
53897,tapan
60124,voris
105,badon
317,bahut
792,basim
1473,bilad
2892,botas
4681,danan
5003,davar
12055,fusil
12740,galah
13255,gazal
13769,gilan
15204,gotoh
21185,jarad
23081,jomon
25481,kavan
26153,kimon
26508,kivas
28361,kuran
29124,lalah
33032,maham
33516,maros
33592,masum
35532,moras
37188,najah
39830,novik
40635,nupur
45591,ramil
47627,romar
48985,rutin
49416,saham
50713,simin
53707,talar
55129,titin
55755,tolar
58393,vibin
2124,bodas
2135,bodil
4557,dalat
4684,danas
5898,disap
6332,dofus
8523,fajar
8908,faras
9049,fatin
9175,fazil
9689,filin
16545,hafod
20747,jahar
24587,kabar
27401,kosan
28423,kusal
29833,lifan
30476,lisas
32860,madis
33477,maraj
33628,matis
33660,matus
34860,mobos
35286,molik
37020,nafis
38344,nilam
38987,nodar
41724,parus
45129,radan
45401,rajin
47885,rosat
49676,samas
52553,sujan
53768,tamam
56196,tovah
57580,vagos
64196,zorah
860,batis
1169,bifid
2118,bodak
3468,bukas
3533,bulat
4939,datar
5727,diniz
7057,dovid
11100,fotis
12393,gadon
16601,hagin
21020,jamis
29721,libin
32967,magal
33003,magor
33735,mazal
35703,motul
37564,napus
39815,noval
43661,popat
47321,rogin
50203,sibir
56153,totin
57225,tuvan
58073,varin
59896,volum
62537,zidan
64198,zorak
60,babus
260,bahah
391,bakal
1881,bitin
4204,dados
4347,dagur
4676,danah
9945,firin
10956,foras
13513,gigan
20699,jagir
24169,junon
28877,lagat
29321,lapan
32156,lukis
32985,magin
33641,maton
33769,mazon
34372,minah
35364,momoh
38476,ninas
49547,sakar
54060,tasos
55116,titas
59420,vobis
65216,zurab
4155,dabur
6908,dorus
6924,dosas
16964,hanah
17102,harav
17129,haron
17481,hidan
25449,katon
30156,lilas
32973,magat
33092,majah
37569,narad
41897,pavon
45975,ravil
46953,riton
51737,somin
53721,talin
53932,tapos
53963,tarar
55932,tonus
56038,torok
56041,toron
57471,vaduz
653,bapat
1545,biman
2571,bomar
6697,domon
16903,hamal
20759,jahil
25052,kalis
25419,katar
27341,korat
28748,ladas
30766,lobov
32252,lulus
34761,mizan
36871,nabal
36892,nabis
38157,nihat
47561,rolan
49640,salom
53302,tabuk
53720,talim
53980,taris
59241,viton
711,baral
7214,dubov
7228,dubus
7756,dunas
8921,farin
9673,filan
12380,gadis
13001,garan
17112,harim
17176,hasim
20232,husam
20737,jahad
21062,janak
30073,lijun
31180,lolas
31864,ludum
32257,lumad
34763,mizar
40056,nudum
46284,rigas
47635,romig
49627,salir
52748,sumas
53305,tabun
54956,tipos
57942,vanik
1767,birol
2147,bodog
3581,bulut
11004,forus
16391,habal
22791,johal
23001,jolin
25403,kasur
33094,majak
33394,manuf
34281,milon
34331,mimir
34925,modot
35273,molan
46908,risus
49425,sahid
49858,saraf
49995,satar
54980,tirah
56188,totus
56443,tudur
23,babil
857,batin
1674,bipap
2537,bolon
2758,borak
2808,borum
6230,dodik
6748,donis
7212,dubos
7462,duhok
17001,hanon
17368,hazim
21065,janan
21228,jaros
21272,jasim
28718,labov
29065,lakan
29298,lanuf
29596,lavis
32137,lukan
34935,modul
35276,molas
37303,nakul
39641,norin
39762,notif
39947,nubar
42492,pilus
44172,pufas
45832,rasam
48220,rudis
49565,sakit
53640,takam
59239,vitol
749,barot
779,basar
983,bazil
1737,biran
4875,dasar
6776,donum
12892,ganis
14347,gobar
17169,hasid
20505,jabin
24153,junin
25164,kanas
25209,kanun
27371,koror
33631,matiz
34253,milat
36588,muros
37382,namak
37577,naran
39644,noris
41033,padan
41229,pahat
44764,puris
45197,rafat
45289,ragon
63193,zirin
795,basir
3945,buton
4570,dalip
4873,dasan
6940,dosis
7564,dukas
7820,dupas
12778,galop
14049,girod
15948,gunas
24157,junit
26059,kilar
27211,konar
28410,kurup
36441,munin
36971,nador
41601,papad
47721,ronon
49616,salib
50055,saval
51788,sonas
52569,sujin
452,balah
1801,bisan
2073,bobin
9080,fatum
9289,fidan
9695,filiz
13132,gatas
21273,jasin
22539,jobar
25259,kapor
28841,lafon
29404,laris
33321,mamon
34889,modan
34905,modin
36928,nadab
38473,ninan
40777,nutan
41582,panov
44637,punit
46924,ritas
47577,rolin
49929,sasan
52073,soton
52747,sumar
54038,tasik
54892,tinos
55693,tokat
55897,tonin
120,badum
774,basak
1644,binos
5678,dimov
7244,dudas
8646,falak
12391,gadol
12743,galal
12779,galor
13080,gasim
13609,gihon
14221,givat
17530,hidup
19100,hopis
21545,jibon
24665,kadin
25048,kalim
26345,kiron
27335,koral
28684,labas
28685,labat
30220,limas
30345,lipan
30540,litas
32265,luman
33293,mamat
37726,nativ
37801,navon
42445,pilat
44736,purab
47708,ronis
47945,rotan
47976,rotom
49218,sadaf
49705,samon
50694,simak
51654,solak
52249,subin
52700,sulis
53593,tajin
59033,vipin
59100,viris
585,banan
3913,butan
6181,doboj
7367,dugal
8983,fasil
9068,fatos
14217,givan
16886,haluk
17020,hanus
19953,hulud
22052,jimoh
25042,kalif
25180,kanis
27355,korir
33370,manip
34269,milit
35017,mogan
37324,nalas
42777,pisin
45392,rajib
45495,rakul
50571,sikar
50794,sinop
52868,supah
54809,timin
57420,vadas
2025,bizon
2092,bobos
6347,dogar
6732,donas
15047,goral
19929,hulin
20888,jakim
23961,jukin
24171,junor
25339,karur
26678,kobuk
33357,manat
34508,miras
34520,mirim
37116,nagus
41964,pazos
45849,rasin
50300,sidus
50950,sisak
55691,tokar
60249,votin
62057,zanon
118,baduk
476,balis
617,banon
1497,bilin
2054,bobak
3929,butin
4169,dadan
6860,doras
13417,gidon
13549,gigot
14349,gobat
25223,kapal
25355,kasar
27113,kolon
31644,lovis
32329,lunan
32601,lutin
33542,masak
34841,mobin
37494,nanuk
39852,novos
40476,numis
41665,parad
41931,pazar
42953,pizan
43417,pokin
47879,rosal
49181,sabit
50699,simar
50732,simos
50905,sirin
53099,sutor
55081,tison
55823,tomaz
55833,tomin
58966,vinik
59275,vivar
153,bafin
636,banus
12777,galon
12875,ganar
15691,gujar
26319,kiraz
30361,lipin
33528,marum
33545,masan
34588,misis
35369,momon
35419,monir
35504,mopub
36708,mutoh
37383,namal
38409,niman
40669,nurit
41641,papon
45982,raviv
49413,sahaj
49856,sarab
50697,siman
52076,sotos
52492,suhas
53830,tanak
59324,vivus
61828,zakah
814,basov
2760,boram
2813,borut
3049,bozon
3161,budin
7993,dusun
8660,falih
12841,gamon
15081,goron
16939,hamor
20297,hutan
25219,kapag
26633,koban
26663,kobol
33352,manam
34668,mitos
36548,murah
36572,muris
36679,mutal
37601,narod
37644,nasas
41001,pabon
41196,pagos
41772,pasos
42585,pinin
45248,ragab
46972,ritus
49668,samah
50379,sigar
51673,solin
52314,sudip
52573,sujit
52935,sural
55017,tiron
60268,votos
393,bakan
727,baril
772,basah
2668,bonos
3131,bubur
3788,buras
6731,donar
7465,duhon
10952,foram
11993,furin
16073,guran
18409,hizon
19976,humam
20265,huson
23561,juban
23755,jugar
24649,kadan
26333,kirit
27017,kokan
27693,kubot
30316,linos
31772,lubis
33382,manok
33734,mazak
34124,mijas
34424,minum
34601,mison
35421,monit
35533,morat
36716,mutos
37163,nahor
37388,namas
37475,nanog
38407,nimal
41609,papan
41693,parit
46716,rinus
47430,rojak
49389,sagot
49992,satam
51213,sobat
53702,talak
54988,tiras
55132,titis
55994,topup
58988,vinos
64939,zukor
72,badam
428,bakos
844,batas
1604,binah
6892,doros
12888,ganim
16089,gurin
17289,havan
20475,huzur
22764,jogos
26185,kinan
29804,lidos
30537,litan
37208,najim
37739,nator
37842,nazif
39452,nomis
39769,notin
41259,pahor
41468,palus
44761,purin
44956,puvis
45085,rabit
45387,rajar
48089,rozin
50473,sihon
52811,sunar
55958,topik
56023,toril
56339,tubig
59268,vivah
598,banik
1433,bikin
1772,biros
2441,bokan
4041,buzan
6985,dotan
7916,duros
8427,fagor
10972,foris
13053,garut
16407,habil
16729,hajin
20503,jabil
20953,jalin
21004,jamas
25030,kalak
27115,kolor
27606,kozik
27623,kozol
28169,kuman
28528,kutub
28936,laham
32206,lulav
33210,makup
33884,midis
34425,minun
34511,miraz
37500,nanus
39111,nogal
42631,pipal
42649,pipin
45164,rados
45579,ramar
45848,rasim
49293,safat
49609,salan
49874,sarif
49889,sarod
50820,sipah
51099,sivir
52796,sumus
52806,sunak
53447,tagal
53917,tapit
54795,timar
59513,vodun
60233,votan
493,balot
764,barus
2823,bosal
4572,dalis
4589,dalot
6667,domar
16473,hadin
16476,hadis
21019,jamir
21056,janab
23337,joson
25351,kasal
25544,kazam
26012,kikis
31148,lokos
33533,marut
33659,matur
34220,mikos
35355,momir
38155,nihar
42444,pilas
43516,polus
49561,sakin
49577,sakon
51243,sobor
51801,sonin
52185,sozin
57964,vanos
61848,zakim
9,baban
748,baros
12752,galib
16925,hamit
17098,harap
20969,jalon
23051,jomar
25129,kamon
27366,korok
27529,kovan
29449,lasan
30169,lilin
36652,musos
37209,najin
37321,nalan
37403,namir
38280,nikam
41436,palis
45101,rabot
48327,rugal
48921,rusin
49677,samat
49861,saraj
51798,sonik
52780,sumos
52934,surak
53785,tamin
55181,tivat
61643,zagar
2168,bodum
4988,datus
8596,fakih
8905,faran
13008,garib
14409,godan
15048,goram
16861,halit
16923,hamir
17148,harus
20589,jadot
23452,jovis
24855,kahil
25149,kamut
25385,kason
28745,ladan
28904,lagom
32833,madad
34959,mofaz
41668,parah
41796,patah
44697,pupin
46345,rihan
47596,rolos
51015,sital
52678,sulak
52839,sunol
53324,tadas
55490,togaf
56457,tufan
331,bajar
461,balat
2810,borup
4299,dagar
4728,danum
8940,faros
12412,gadus
13036,garos
13048,garum
17351,hazal
18938,holup
20525,jabot
24580,kabah
26631,kobal
30251,limor
31132,lokis
36956,nadis
36969,nadon
37481,nanon
37580,naras
37596,naris
37641,nasan
38524,ninus
45969,ravid
46012,ravus
49880,sarim
50963,sisig
51883,sopor
55443,tofig
59864,volim
61451,zabar
61513,zadan
2251,bogar
3467,bukar
4611,damag
4828,daris
12737,galad
14795,golar
14816,golob
15046,gorak
16617,hagon
16860,halis
18121,hiran
24585,kaban
25116,kamis
25424,katib
28121,kulin
28971,lahor
29965,lihat
30441,liron
33223,malal
33341,mamut
33483,marar
33512,marom
33865,midan
34828,mobas
34861,mobot
38153,nihan
42423,pikul
42793,pison
44868,putah
48073,rozan
48733,runit
49548,sakas
49782,sanuk
50440,siham
50893,sirat
51078,sivak
52233,suban
52593,sujud
53260,tabas
55836,tomis
56184,totum
58067,varig
60140,voros
65161,zupan
43,babor
719,baraz
1249,bigod
2364,bohus
4716,danos
6489,dojin
6764,donos
14572,gogos
14919,gonal
16618,hagop
16832,halab
16988,hanis
17017,hanun
25028,kalah
26441,kitan
27595,kozar
28928,lahab
28942,lahav
29145,lalin
39050,nofap
43737,porin
46857,risan
48601,rulin
50268,sidis
50938,sirup
51545,sojin
53860,tanoh
54684,tikis
56029,torit
56849,tumid
58121,vasan
58951,vinal
61127,vural
839,batal
1260,bigos
2155,bodor
5324,digas
5833,diran
8665,falin
9207,fazul
12747,galar
13372,gibus
14361,gobin
15197,gotit
16529,hafid
17310,haviv
19787,hujar
24277,jurij
26473,kiton
26699,kodar
26877,kogut
27593,kozan
28688,labib
32572,lusus
33346,manaf
33489,marid
33883,midir
34286,milov
37398,namik
37771,navar
39036,nodus
39804,notus
42488,pilum
49622,salik
49753,sanin
49831,sapol
52777,sumon
53990,tarok
55948,topas
58104,varum
1,babad
2094,bobov
2274,bogof
4385,dahod
6712,domum
16342,guzik
18118,hirak
18348,hivos
19144,horam
19276,hotas
19993,humin
21561,jibun
25148,kamus
25433,katin
27158,komik
27526,kovak
29004,lajas
30505,lison
31628,lovas
41710,parov
43531,pomar
43777,posad
44486,pulak
45644,ranas
47115,robar
47817,roran
48025,rovin
49417,sahan
49479,sajal
49564,sakis
50027,sator
51595,sokar
51724,somas
53853,tanit
55685,tokaj
55851,tomor
56796,tulis
62947,zilog
601,banin
841,batan
1959,bivol
4363,dahar
4697,danin
9067,fator
12761,galin
14105,gisin
15068,goris
17089,harad
22409,jivan
22473,jizan
22985,jolan
25479,kaval
28747,ladar
29900,ligas
31788,lubos
35399,monal
35576,morum
38601,niran
38809,nivin
39436,nomas
41351,pakal
41417,palan
43801,posin
44361,pujan
45580,ramas
49481,sajan
49684,samih
49902,sarov
51655,solal
52230,subak
52824,sunim
53834,tanap
56054,toruk
56585,tuhan
57031,tural
59000,vinum
886,batuk
2524,bolis
3820,buros
3933,butit
4331,dagor
4569,dalin
6668,domas
7623,dulal
10988,foros
13805,gilot
14537,gogan
14809,golin
15449,gudin
16968,hanam
17083,hapur
17609,higan
19177,horon
20235,husar
20561,jadid
25299,karig
26849,kogod
27222,konik
28359,kural
30315,linor
30473,lisan
31484,lorus
32281,lumin
32873,madon
33373,manit
38345,nilan
38761,niton
41608,papam
41675,parar
45900,ratas
46279,rigal
46604,rimas
46991,rivaz
49415,sahal
49801,sapan
50397,sigit
50684,silus
51709,solut
53147,suvir
53463,tagil
56569,tugun
56828,tulus
56841,tuman
57419,vadar
61912,zalim
3822,burov
4633,damin
7777,dunod
14044,giris
25558,kazik
26070,kilik
26424,kisum
27369,koron
30987,lohar
33478,marak
34793,mizon
35704,motum
37576,naram
44616,punam
45056,rabab
45453,rakat
48156,rubis
48649,ruman
49866,sarap
52844,sunos
53644,takas
53849,tanin
55943,topal
57177,tutin
64527,zubaz
2924,botos
3672,bunim
6033,divid
6076,divus
8651,falar
9837,finot
14023,giral
14380,gobos
14792,golam
16110,gurov
16998,hanok
19693,hugot
23129,jonin
25353,kasan
27400,kosam
27676,kubis
28377,kurin
28683,labar
29545,laton
30988,lohas
32342,lunik
33240,malim
34055,mihal
34250,milap
34265,milin
38681,nisin
39785,noton
41227,pahar
42457,pilin
42460,pilis
42823,pital
43580,pomus
47881,rosan
48204,rudas
48776,rupam
49743,sanaz
49863,saral
49914,sarup
50094,savov
50573,sikat
51691,solor
53081,sutin
53496,tagum
54475,tigar
58331,vazir
59128,virum
61479,zabol
62081,zapad
439,bakul
646,bapak
3947,butor
4508,dakis
5321,digan
7628,dulas
12073,fuson
12108,futas
12742,galak
16455,hadal
16521,hafan
17113,harin
17168,hasib
19158,horik
20523,jabor
21047,jamul
24089,jumin
25046,kalik
26437,kitaj
27356,koris
29308,lanus
29327,lapaz
29372,lapus
29388,laras
29547,lator
29560,latum
29612,lavos
31499,losar
33561,masin
34670,mitov
36427,munar
38279,nikal
39819,novar
42055,pidal
42733,pirot
43047,pobol
45597,ramit
45660,ranis
47148,robos
47977,roton
49864,saram
52059,sotir
52761,sumin
53273,tabin
53696,talab
54331,tibur
59865,volin
61710,zahav
199,bagal
2284,bogos
2572,bomas
5052,davus
7875,durag
8769,fanad
9720,filum
13165,gatot
13273,gazin
13773,gilat
17302,havik
17308,havis
18681,hogun
20929,jalad
21060,janah
21211,jarir
25673,kidan
26372,kisah
26583,kizil
27721,kudan
28108,kulas
28393,kuron
29084,lakis
31443,lorig
36377,mumin
37436,namus
37599,nariz
49692,samis
50153,sazon
50395,sigir
50717,simit
50748,simus
51225,sobin
51719,somal
55339,tobor
56836,tumah
57129,tuson
58601,vigon
59593,vogan
59897,volun
61977,zamin
396,bakas
6953,doson
12492,gagas
13005,garat
14460,godus
16412,habis
16605,hagit
16732,hajis
24889,kahun
27116,kolos
27372,koros
28633,kuzin
30569,liton
30601,livan
32975,magaz
33740,mazas
34315,mimar
36476,munus
36632,musim
36649,muson
36937,nadan
37289,nakon
41132,pafos
41583,panoz
41671,paral
45142,radik
47174,rodak
49473,sajad
51960,sorum
53788,tamis
54156,tavas
56857,tumin
59075,virag
61975,zamil
332,bajas
3580,bulus
4393,dahon
4553,dalan
4567,dalil
6247,dodol
14615,gohil
20230,husak
23113,jonan
26312,kiram
28924,lagus
32351,luniz
33284,mamah
33606,matak
34567,misal
35020,mogas
36728,mutum
38569,nipon
42007,pibil
45335,rahil
47342,rogov
48076,rozas
48439,ruhul
49757,sanit
50377,sigan
52036,sotah
53739,talor
53836,tanas
54764,tilos
54908,tinus
56329,tuban
57561,vagin
58092,varos
59355,vizir
2961,bovid
5213,didit
7257,dudin
9675,filar
12288,gabab
14060,giros
17065,hapon
17677,hihat
20569,jadin
21102,janov
21388,javas
25897,kihon
30297,linin
32867,madog
33001,magon
33416,mapam
33608,matam
34203,mikir
34524,miris
35584,mosab
37633,nasad
38428,nimis
45353,rahon
45836,rasas
46121,ribon
47532,rokos
49788,sanus
50860,sipos
51679,soliz
54153,tavan
58956,vinas
744,barom
4185,dadin
4301,dagat
5225,didon
6902,doruk
7878,durak
7977,duson
9836,finos
11787,fumar
11849,funan
12092,fusus
12502,gagik
12749,galat
13213,gavit
16845,halat
17121,harod
17177,hasin
17929,himan
18764,hojas
20185,hurin
20198,hurok
21449,jazan
24601,kabin
25499,kavir
27748,kudoh
28104,kulam
28364,kuras
33160,makam
33771,mazor
35309,molot
35985,mufid
38796,nivas
41286,pajak
45444,rakah
45688,ranum
45867,rasor
47686,ronak
47692,ronas
49497,sajin
49873,sarid
52483,suhag
61595,zafir
65035,zumar
65099,zunar
268,bahas
921,bavin
1116,bidis
3881,buson
4795,dapur
6188,dobos
7529,dujon
8779,fanar
13129,gatan
15177,gotan
16427,habor
16620,hagos
17299,havig
18905,holin
21308,jasus
22729,jogan
25284,karah
27673,kubin
31755,lubar
32284,lumis
33362,manif
34539,miror
35551,moriz
36300,mulas
36317,mulit
38791,nival
39800,notum
41036,padas
41820,patis
42701,pirat
43771,porur
45465,rakin
46505,rikon
47110,robak
48044,rovos
48716,runas
50795,sinor
51758,somov
52619,sukar
54012,tarus
55769,tolin
55868,tomus
56028,toris
57865,vaman
59111,virol
63047,zinal
777,basan
4856,darum
8902,farak
10198,fizik
10697,folan
12505,gagin
16588,hagas
16921,hamin
16971,hanar
18889,holan
19548,hudis
19913,hulan
20217,hurun
20280,husum
22537,joban
23465,jovon
24668,kadis
25035,kalar
25228,kapas
26220,kinos
26326,kirik
27289,kopin
28975,lahoz
29292,lanos
29343,lapiz
30020,lijah
31115,lokar
33266,maluf
36055,mugil
37740,natos
38281,nikan
41895,pavol
43457,polad
43673,popin
45079,rabil
47303,rogal
47517,rokit
48393,ruhan
48715,runar
49254,sadok
49543,sakal
50249,sidan
51819,sonor
51916,soras
53308,tabus
54601,tijan
54713,tikun
57548,vagas
58491,vidur
59371,vizor
61623,zaful
742,barok
760,barum
1289,bihan
2265,bogin
5721,dinin
13277,gazit
14155,gitar
15212,gotos
16892,halus
17386,hazop
19164,horis
24599,kabil
24972,kakas
25310,kariv
26061,kilat
32412,lupis
33195,makor
35036,mogis
35719,moval
36907,nabor
37433,namun
39431,nomal
41480,pamam
47755,ropar
50971,sisir
51463,sohal
52420,sugah
52617,sukan
53255,tabal
53265,tabid
53833,tanan
54793,timan
55913,tonon
61469,zabit
63001,zimin
233,bagon
1369,bijin
2008,bizim
4344,dagum
6409,dohan
6556,dokis
9705,filon
9804,finas
10025,fison
16475,hadir
19689,hugon
20216,hurum
22601,jodan
24647,kadal
27206,konak
27414,kosik
28379,kurir
28929,lahad
30380,lipos
30470,lisak
34180,mikah
35915,mudar
39449,nomin
41481,paman
41782,pasuk
41884,pavis
45320,raham
47548,rokus
48572,rukus
49211,sabur
49217,sadad
49374,sagiv
50121,sazan
51147,sizar
52633,sukin
56006,torak
56793,tulin
57798,valak
58087,varol
1036,bibas
2156,bodos
4201,dadon
5446,dijak
5641,diman
8681,falon
9340,fidus
11981,furat
12809,gaman
12909,ganot
15305,gozan
15371,gubar
16717,hajat
17437,hibit
19848,hukam
23932,jujus
25426,katif
26348,kiros
27064,kokum
27161,komin
27384,korum
27388,korus
28236,kunas
29188,lamah
30635,livor
31278,lomov
33220,malah
33562,masip
34625,mitad
34899,modig
36041,mugan
36553,muran
36700,mutis
37752,natum
39755,notar
40952,nuzum
41677,parat
43452,pokus
43884,potos
45772,raras
45785,rarin
47212,rodos
49552,sakib
50235,sibur
51686,solok
56873,tumon
58477,vidot
64366,zotov
441,bakun
1092,bidah
1540,bimah
4123,dabir
5900,disas
5929,dison
6249,dodon
9676,filas
12009,furon
12969,gapon
15052,goras
15830,gulik
15833,gulin
17117,harit
17287,haval
19785,hujan
21404,javis
25287,karal
25993,kikan
27367,korol
31212,lolos
31260,lomis
31446,lorik
35113,mohon
35908,mudah
36440,munim
37063,nagal
37805,navot
39685,nosaj
44780,puros
45097,rabon
45263,ragaz
45583,ramaz
51590,sokak
51945,soron
52667,sukur
53777,tamid
53892,tapah
55147,titor
57452,vados
59293,vivit
63405,zivot
1096,bidam
4609,damad
5356,digos
8281,fadin
8967,fasal
9708,filos
12363,gadar
16793,hakin
18936,holum
20875,jakar
21209,jarin
21364,jatuh
21401,javin
21419,javor
22412,jivas
23577,jubin
24263,jural
24839,kahal
25543,kazal
25719,kidul
27494,kotok
28137,kulon
29979,lihir
30233,limin
31753,luban
32585,lutan
33503,mariz
33532,marus
34409,minon
34504,miram
34507,mirar
35083,mohar
37004,nafas
37574,narak
37833,nazan
41803,patar
44905,puton
45913,ratin
47660,romos
49273,sadun
49737,sanan
49926,sasak
51652,solah
53259,tabar
56172,totos
56265,tozan
57041,turid
57545,vagan
58461,vidit
60280,votum
61865,zakon
64921,zukin
758,baruk
1609,binan
2596,bomoh
2753,borad
3817,buron
3830,buruk
4105,daban
4652,damos
4956,datis
6172,dobis
7033,dotun
10073,fitin
12355,gadag
12796,galus
12829,gamit
17740,hijas
19208,hosam
24156,junis
24582,kabak
25436,katis
25547,kazar
25656,kibum
26507,kivar
26697,kodan
27084,kolas
28107,kular
29260,lanas
32174,lukov
34552,mirum
34556,mirus
36687,mutaz
37844,nazih
38492,ninis
39721,noson
40649,nuran
41737,pasan
43655,popal
45841,rasid
47308,rogas
48647,rumal
48775,rupal
49913,sarun
51080,sivam
52697,sulin
52998,susak
54812,timis
55772,tolis
56345,tubin
61880,zakum
64076,zonas
1494,bilik
3549,bulit
4121,dabin
4358,dahak
4872,dasam
6591,dokuz
6893,dorot
7209,dubon
7625,dulan
7691,dumar
8263,fadal
8927,fariz
12619,gajar
14937,gonin
18505,hodan
25334,karuk
27100,kolis
28536,kutum
28905,lagon
31943,lugal
32268,lumas
34364,mimus
36185,mujin
36619,musar
39529,nonon
42393,pikin
42652,pipis
42717,pirit
45613,ramot
45993,ravon
47133,robit
47191,rodil
47769,ropin
48569,rukun
49916,sarus
49945,sasin
50892,siras
51533,sojat
55854,tomov
56012,toras
58119,vasal
62041,zanin
204,bagas
4159,dabuz
4668,damus
6537,dokan
12764,galis
13041,garud
13900,ginas
16834,halaf
16836,halah
18153,hiron
18540,hodos
19016,honam
22023,jimal
25134,kamov
25318,karok
27241,konon
28764,ladis
30428,liris
31377,lopid
33126,majok
33229,malat
33389,manot
33607,matal
33643,mator
34569,misan
35612,mosis
36103,muhal
37496,nanum
38982,nodak
39687,nosal
43865,potin
46020,razah
47529,rokon
49463,sahul
50220,sibos
50649,silin
51272,sodam
51789,sonat
52996,susah
53913,tapin
55900,tonis
58056,varam
58219,vator
59292,vivis
62025,zanan
64775,zuhal
65116,zunis
455,balal
1129,bidon
1228,bigas
2695,bopal
3916,butas
4172,dadas
5676,dimos
7723,dumor
7752,dunam
12075,fusor
12760,galim
13788,gilis
14857,goman
15080,gorom
16477,hadit
18969,homin
20751,jahaz
21193,jaran
23449,jovin
24137,junan
24715,kafar
27460,kotah
27661,kubat
28246,kunik
29212,lamis
32823,mabul
32871,madol
33367,manil
33508,maroh
35403,monar
37634,nasaf
37760,navab
38593,nirad
39672,norum
41265,pahud
41543,panal
41831,patol
43753,poron
43853,potat
44491,pular
46311,rigol
46407,rijal
46633,rimon
50107,savur
51388,sofus
52028,sosus
52424,sugam
53065,sutan
53316,tadah
53547,tahor
55756,tolas
55785,tolon
58052,varah
59271,vival
61958,zamak
61963,zamar
62380,zavos
443,bakur
523,bamar
2633,bonan
2886,botak
2905,botin
3496,bukom
3526,bulak
4332,dagos
4815,daraz
4822,darik
4934,datak
5195,didar
5865,diron
6633,dolon
8262,fadak
8465,fahid
8935,farol
8979,fasig
9821,finit
14343,gobal
14539,gogar
14796,golas
18499,hodag
18825,hokan
21101,janot
25444,katoh
27271,kopal
27543,kovil
28120,kulim
32791,mabil
33348,manah
33581,masot
35565,morot
36342,muluk
36877,nabat
42428,pikus
42748,pirus
43783,posal
45980,ravis
49281,safad
50711,simil
50825,sipan
492,balos
2028,bizos
2822,bosak
7753,dunan
8648,falam
12844,gamos
15452,gudis
16443,habur
17092,harah
17180,hasis
18952,homam
19167,horiz
19268,hotah
21201,jarid
21340,jatis
22084,jinah
22620,jodis
24028,julis
24843,kahar
25324,karos
25516,kavos
27334,korak
27468,kotas
29432,larum
29516,latas
30409,liran
32345,lunin
33349,manaj
34348,mimos
34649,mitin
36889,nabin
36947,nadig
37212,najis
38284,nikas
39702,nosik
41611,papar
41709,parot
44748,puras
45314,rahaf
46038,razik
47113,roban
49687,samil
49835,sapor
50759,sinal
51942,sorok
52276,subuh
52425,sugan
52813,sunat
52875,supar
53773,tamat
53972,tarih
53996,taros
57207,tutul
59192,visum
61641,zagan
63942,zolak
70,badak
524,bamas
591,banaz
708,barah
1097,bidan
3019,bozar
4636,damis
4644,damoh
5031,davol
5190,didak
6921,dosan
7932,durus
8073,duvan
11737,fulin
11801,fumin
12762,galip
12788,galuh
14428,godis
15097,gorun
16945,hamud
19180,horos
19916,hulas
22988,jolas
23644,judis
25165,kanat
25564,kazis
26183,kinal
27293,kopit
28985,lahun
31586,lotof
33495,maril
34137,mijin
35626,mosop
35913,mudan
36569,murin
37065,nagan
38404,nimah
39753,notan
41539,panag
42569,pinan
42723,pirog
45456,rakib
45852,rasis
47164,robus
47839,roriz
49688,samim
50317,sifat
326,bajak
765,barut
3155,budig
4125,dabit
12327,gabol
14784,golab
15817,gulan
16071,gural
16924,hamis
22249,jiron
26067,kilig
26442,kitap
27545,kovin
28105,kulan
28115,kulig
28188,kumis
29097,lakon
31273,lomon
34204,mikis
34236,mikus
35337,moman
36248,mukim
36940,nadas
38377,nilon
38411,nimar
41049,padin
43628,ponos
49243,sadir
49656,salum
50755,sinag
56073,tosan
58571,vigar
60118,vorik
63177,ziran
76,badas
364,bajos
444,bakus
1113,bidin
2920,botom
3287,bugil
3542,bulik
5931,disor
6233,dodin
6669,domat
7270,dudok
7371,dugar
7443,duhig
9819,finir
10636,fokas
12921,ganun
16720,hajib
16966,hanak
17403,hazur
20043,hunar
22329,jisun
23314,josif
24025,julin
24281,jurin
25110,kamik
25446,katok
25732,kifah
25995,kikar
26201,kinin
26316,kiras
27052,kokos
27225,konin
27484,kotis
30172,lilis
31116,lokas
32317,lumut
33099,majar
33308,mamis
33737,mazan
36418,munaf
37628,narus
41084,padus
41212,pagus
41325,pajot
42732,piros
43692,popos
46148,ridah
46599,rimal
48403,ruhig
49220,sadah
49732,sanah
49809,sapid
49961,sason
50886,sirak
51020,sitas
51273,sodan
52327,sudol
52681,sulan
55821,tomat
56601,tuhin
57464,vadum
59849,volan
486,balok
600,banim
3398,bujak
3537,bulid
4971,dator
5161,dibon
9677,filat
10951,foral
12475,gafur
12797,galut
14931,gonig
15337,gozon
15815,gulal
16385,habad
17933,himat
20233,husan
20249,husin
20313,hutin
21068,janas
21383,javal
24068,jumah
24793,kagin
24966,kakak
27328,korab
28233,kunan
29451,lasar
30812,lodis
32059,luhur
32777,maban
34268,milis
34540,miros
34636,mitas
34796,mizos
36676,mutah
36809,muzan
37196,najas
37260,nakas
37449,nanan
37904,nibib
37961,nidan
40060,nudus
41217,pahad
41419,palar
41863,paval
44924,putus
45126,radak
47593,rolon
48774,rupak
51097,sivin
52273,subud
53017,susin
54667,tikar
54860,tinas
55302,tobak
56169,toton
58973,vinit
124,badus
828,basus
1052,bibis
1452,bikos
2060,bobas
4812,daras
5212,didis
5228,didos
6412,dohas
8828,fanus
9004,fasos
9324,fidos
9356,fifas
9372,fifis
9564,fijis
11612,fujis
12316,gabis
12812,gamas
13260,gazas
13532,gigis
13932,ginos
14780,gokus
15084,goros
16504,hadum
16972,hanas
17996,hinas
18156,hiros
18460,hobis
19964,hulus
19980,humas
20556,jadas
21196,jaras
22044,jimis
22252,jiros
23132,jonis
23564,jubas
23660,judos
25196,kanos
25212,kanus
25452,katos
26028,kikos
26140,kimis
26668,kobos
26700,kodas
26828,kogas
26972,kojis
27244,konos
27692,kubos
28172,kumas
28396,kuros
28508,kutis
29276,lanis
30188,lilos
30348,lipas
30668,lizas
31852,ludos
31980,lugos
32204,lulas
32428,lupos
33052,mahis
33100,majas
34092,mihos
34188,mikas
34572,misas
35340,momas
36620,musas
36988,nadus
37404,namis
37468,nanis
37516,napas
37964,nidas
38300,nikis
38636,niros
38732,nitas
38972,nobus
39372,nolas
39500,nonas
39628,noras
40668,nuris
42764,pisas
43244,pogos
45132,radas
45196,rafas
45212,rafis
45404,rajis
45436,rajus
46028,razas
46156,ridas
46476,rikas
46492,rikis
46508,rikos
46524,rikus
46668,rinas
46732,ripas
46812,riris
46860,risas
48668,rumis
49004,rutos
49740,sanas
49772,sanos
50028,satos
50076,savis
50764,sinas
50972,sisis
51356,sofis
51500,sohos
51980,sosas
52428,sugas
52636,sukis
52732,sulus
52956,suris
55212,tivos
55324,tobis
55532,togos
55596,tohos
58604,vigos
59244,vitos
61708,zahas
62156,zaras
62412,zazas
63340,zitos
63372,zivas
63948,zolas
64204,zoras
64236,zoros
64940,zukos
65036,zumas
